ORDER_DATE,SALES
2003-01-06,5151.0
2003-01-06,3390.0
2003-01-06,1903.22
2003-01-06,1689.03
2003-01-09,1404.0
2003-01-09,2472.96
2003-01-09,3782.0
2003-01-09,3773.38
2003-01-10,2055.74
2003-01-10,4808.31
2003-01-29,4228.2
2003-01-29,3920.0
2003-01-29,1189.98
2003-01-29,1938.89
2003-01-29,3680.28
2003-01-29,5404.62
2003-01-29,4791.82
2003-01-29,2011.1
2003-01-29,2539.5
2003-01-29,3403.35
2003-01-29,3394.98
2003-01-29,3224.31
2003-01-29,5398.26
2003-01-29,2242.89
2003-01-29,2873.0
2003-01-29,4460.82
2003-01-31,2921.62
2003-01-31,3227.63
2003-01-31,3457.92
2003-01-31,1666.7
2003-01-31,5348.5
2003-01-31,4556.99
2003-01-31,3772.61
2003-01-31,3705.24
2003-01-31,4615.78
2003-01-31,1705.92
2003-01-31,1942.15
2003-01-31,5958.5
2003-01-31,1742.4
2003-02-11,3382.5
2003-02-11,3164.46
2003-02-11,3065.04
2003-02-11,2038.87
2003-02-11,7208.0
2003-02-11,8690.36
2003-02-11,4330.1
2003-02-11,2556.18
2003-02-11,1419.5
2003-02-11,2897.47
2003-02-11,6341.21
2003-02-11,4566.05
2003-02-11,2034.35
2003-02-11,3193.52
2003-02-11,3983.5
2003-02-17,2526.72
2003-02-17,3073.26
2003-02-17,1630.6
2003-02-17,3241.5
2003-02-17,2481.64
2003-02-17,4774.86
2003-02-17,1565.85
2003-02-17,2406.36
2003-02-17,3659.32
2003-02-17,2949.12
2003-02-17,1657.76
2003-02-17,5279.4
2003-02-17,3421.04
2003-02-17,3763.46
2003-02-17,3986.56
2003-02-17,3177.3
2003-02-17,3312.97
2003-02-17,3273.6
2003-02-24,6065.55
2003-02-24,1858.0
2003-02-24,2845.75
2003-02-24,3036.6
2003-02-24,3896.49
2003-02-24,3155.14
2003-02-24,2055.23
2003-02-24,2871.0
2003-03-03,6130.35
2003-03-03,3485.82
2003-03-03,3731.04
2003-03-03,3669.78
2003-03-03,3130.82
2003-03-03,5265.15
2003-03-03,2130.01
2003-03-03,2060.45
2003-03-03,5565.12
2003-03-03,2821.66
2003-03-03,1892.1
2003-03-03,1777.1
2003-03-03,1173.15
2003-03-03,4049.56
2003-03-03,5448.8
2003-03-03,2914.11
2003-03-10,4379.18
2003-03-10,4432.7
2003-03-10,930.9
2003-03-10,8257.0
2003-03-10,3157.44
2003-03-10,6241.6
2003-03-18,1721.73
2003-03-18,5433.08
2003-03-18,1987.74
2003-03-18,710.2
2003-03-18,5942.28
2003-03-18,6069.0
2003-03-18,1729.65
2003-03-18,2574.18
2003-03-18,3360.45
2003-03-18,3724.42
2003-03-18,2499.56
2003-03-18,3859.68
2003-03-18,1654.56
2003-03-18,5074.39
2003-03-18,3069.0
2003-03-18,1608.0
2003-03-24,7209.11
2003-03-24,2539.89
2003-03-25,4178.85
2003-03-25,3288.78
2003-03-25,4818.15
2003-03-25,2354.88
2003-03-25,1801.24
2003-03-25,2253.68
2003-03-26,3415.44
2003-03-26,1575.96
2003-03-26,4916.66
2003-03-26,2490.5
2003-04-01,3090.15
2003-04-01,4815.45
2003-04-01,8209.44
2003-04-01,2925.09
2003-04-01,721.44
2003-04-01,3667.52
2003-04-01,1560.44
2003-04-01,4164.42
2003-04-01,4758.18
2003-04-01,4305.28
2003-04-04,2843.91
2003-04-04,5568.64
2003-04-04,3259.92
2003-04-04,5723.78
2003-04-04,7381.16
2003-04-11,1711.26
2003-04-16,6034.38
2003-04-16,2184.0
2003-04-16,1033.41
2003-04-16,3753.9
2003-04-16,5189.78
2003-04-16,2011.8
2003-04-16,5938.14
2003-04-16,5911.64
2003-04-16,2240.66
2003-04-16,2780.58
2003-04-16,3551.34
2003-04-16,3027.84
2003-04-21,4219.2
2003-04-28,1348.76
2003-04-28,1968.12
2003-04-28,6916.12
2003-04-28,2687.04
2003-04-28,1878.66
2003-04-28,3169.95
2003-04-28,5004.8
2003-04-28,2499.26
2003-04-28,1459.6
2003-04-28,3066.7
2003-04-28,2443.6
2003-04-28,2730.06
2003-04-28,1539.72
2003-04-28,1916.75
2003-04-29,3431.75
2003-04-29,9264.86
2003-04-29,2848.86
2003-04-29,2584.8
2003-04-29,2479.21
2003-04-29,3417.12
2003-04-29,2480.38
2003-04-29,2793.86
2003-04-29,2461.36
2003-04-29,2674.9
2003-04-29,4651.53
2003-04-29,3268.0
2003-04-29,2082.49
2003-04-29,3863.87
2003-04-29,2094.67
2003-05-07,2460.16
2003-05-07,8284.0
2003-05-07,2168.5
2003-05-07,2765.9
2003-05-07,3293.4
2003-05-08,2042.88
2003-05-08,3583.16
2003-05-08,1384.46
2003-05-08,3112.34
2003-05-08,3598.5
2003-05-08,1707.14
2003-05-08,2469.39
2003-05-08,3693.34
2003-05-08,1207.44
2003-05-08,2063.06
2003-05-08,7599.9
2003-05-08,1536.57
2003-05-08,1740.9
2003-05-08,5494.97
2003-05-08,5004.8
2003-05-08,2142.0
2003-05-08,4100.99
2003-05-20,5161.2
2003-05-20,5331.88
2003-05-20,3073.72
2003-05-20,2993.5
2003-05-21,1327.79
2003-05-21,5203.0
2003-05-21,2856.0
2003-05-21,2326.4
2003-05-21,3081.24
2003-05-21,2348.75
2003-05-21,3254.72
2003-05-21,4068.96
2003-05-21,1702.8
2003-05-21,2262.96
2003-05-21,995.5
2003-05-21,6483.46
2003-05-21,1528.58
2003-05-21,4431.84
2003-05-21,1713.8
2003-05-28,2314.69
2003-05-28,3390.2
2003-05-28,3576.12
2003-05-28,3415.77
2003-05-28,2795.27
2003-05-28,2309.58
2003-05-28,2921.7
2003-05-28,4597.2
2003-05-28,7329.06
2003-05-28,3128.92
2003-05-28,7083.0
2003-05-28,2795.86
2003-05-28,3857.0
2003-05-28,4141.33
2003-05-28,3347.74
2003-05-28,1630.2
2003-05-28,2439.57
2003-06-03,1939.8
2003-06-03,6295.95
2003-06-03,2559.6
2003-06-03,6176.42
2003-06-03,8138.76
2003-06-03,7146.9
2003-06-03,3447.0
2003-06-03,1489.41
2003-06-03,7366.44
2003-06-03,2054.36
2003-06-03,3837.24
2003-06-03,11279.2
2003-06-03,3179.52
2003-06-03,2337.75
2003-06-03,1213.8
2003-06-06,3104.0
2003-06-06,5544.02
2003-06-06,3962.88
2003-06-06,4837.18
2003-06-12,3899.5
2003-06-12,4398.24
2003-06-12,2562.3
2003-06-12,3838.05
2003-06-12,3828.3
2003-06-12,2079.04
2003-06-12,3883.11
2003-06-12,6027.75
2003-06-12,1860.0
2003-06-16,3853.6
2003-06-16,1891.78
2003-06-16,2349.9
2003-06-16,4094.5
2003-06-16,875.91
2003-06-16,1716.22
2003-06-16,4427.6
2003-06-16,2781.66
2003-06-16,2213.38
2003-06-16,3423.75
2003-06-27,2691.09
2003-06-27,2642.01
2003-06-27,3394.23
2003-06-27,3565.92
2003-06-27,3858.1
2003-06-27,1863.36
2003-06-27,2797.9
2003-06-27,1355.13
2003-07-01,3273.9
2003-07-01,3570.29
2003-07-01,3884.34
2003-07-01,1853.4
2003-07-01,2711.2
2003-07-01,3307.77
2003-07-01,7023.98
2003-07-02,1787.56
2003-07-02,2694.0
2003-07-02,1800.24
2003-07-02,4705.18
2003-07-02,2838.81
2003-07-02,3510.0
2003-07-02,6336.07
2003-07-02,6031.68
2003-07-02,717.4
2003-07-02,3806.88
2003-07-02,2008.13
2003-07-02,8008.56
2003-07-02,4224.0
2003-07-02,1785.51
2003-07-02,5432.7
2003-07-02,1327.59
2003-07-02,2266.2
2003-07-04,8331.61
2003-07-04,3644.75
2003-07-04,5274.72
2003-07-10,4380.2
2003-07-10,5124.3
2003-07-10,4346.76
2003-07-10,1295.06
2003-07-16,5545.76
2003-07-16,1424.0
2003-07-16,3276.13
2003-07-16,3095.4
2003-07-16,7956.46
2003-07-16,1801.2
2003-07-16,2113.37
2003-07-16,3184.94
2003-07-24,3188.12
2003-07-24,5105.14
2003-07-24,2851.54
2003-07-24,4829.8
2003-07-24,2829.58
2003-07-24,4181.44
2003-07-24,4114.8
2003-07-24,4601.2
2003-07-24,1701.28
2003-07-24,1254.83
2003-07-24,7374.1
2003-08-01,1103.76
2003-08-01,4836.5
2003-08-01,3784.8
2003-08-01,6287.66
2003-08-01,2140.11
2003-08-01,1086.6
2003-08-01,5500.44
2003-08-01,5938.53
2003-08-01,891.03
2003-08-08,4985.64
2003-08-08,3131.94
2003-08-08,3791.52
2003-08-08,2091.18
2003-08-08,3366.0
2003-08-08,4814.25
2003-08-08,2334.99
2003-08-08,3612.43
2003-08-08,1685.28
2003-08-08,8023.29
2003-08-08,3245.58
2003-08-08,1724.97
2003-08-08,2624.0
2003-08-08,2151.82
2003-08-08,9470.94
2003-08-08,6034.33
2003-08-10,2152.02
2003-08-10,5248.0
2003-08-10,3442.64
2003-08-10,2612.48
2003-08-10,2643.99
2003-08-10,3455.76
2003-08-10,2688.0
2003-08-10,5597.76
2003-08-10,2919.58
2003-08-10,3945.96
2003-08-10,1853.32
2003-08-10,2560.47
2003-08-10,1851.73
2003-08-10,1874.05
2003-08-10,1646.19
2003-08-10,1246.44
2003-08-13,1637.2
2003-08-25,5176.38
2003-08-25,3251.34
2003-08-25,3091.68
2003-08-25,2797.41
2003-08-25,4119.4
2003-08-25,5192.95
2003-08-25,3098.7
2003-08-25,3746.7
2003-08-25,3501.6
2003-08-25,2752.6
2003-08-25,1109.8
2003-08-25,1490.1
2003-08-25,8339.8
2003-08-25,3902.41
2003-08-25,2559.6
2003-08-25,1645.65
2003-09-03,3155.58
2003-09-03,4444.54
2003-09-05,9245.76
2003-09-05,2142.14
2003-09-05,3494.94
2003-09-05,2004.77
2003-09-05,4405.22
2003-09-05,1066.75
2003-09-05,1340.64
2003-09-05,2057.4
2003-09-05,3097.44
2003-09-05,2906.97
2003-09-05,3230.37
2003-09-11,1506.5
2003-09-11,3598.22
2003-09-11,3528.36
2003-09-11,5418.88
2003-09-11,2702.04
2003-09-11,4392.12
2003-09-11,5848.68
2003-09-11,1545.6
2003-09-11,2282.22
2003-09-11,2671.95
2003-09-11,2356.25
2003-09-11,4232.0
2003-09-11,3639.44
2003-09-11,3469.5
2003-09-12,5907.5
2003-09-12,1811.4
2003-09-12,1013.48
2003-09-12,4230.62
2003-09-12,1194.84
2003-09-12,1746.6
2003-09-12,1496.64
2003-09-12,5375.4
2003-09-12,4950.33
2003-09-12,2414.72
2003-09-12,3958.5
2003-09-19,2804.36
2003-09-19,4285.46
2003-09-19,10993.5
2003-09-19,2104.0
2003-09-19,1499.1
2003-09-19,1282.8
2003-09-19,2850.82
2003-09-19,4641.0
2003-09-19,3191.2
2003-09-19,6467.02
2003-09-19,4100.1
2003-09-21,3068.55
2003-09-21,2617.85
2003-09-21,3734.01
2003-09-21,2701.92
2003-09-21,5412.54
2003-09-21,5098.8
2003-09-21,1209.3
2003-09-21,7110.91
2003-09-21,3220.1
2003-09-21,3327.6
2003-09-25,4524.1
2003-09-25,1681.35
2003-09-25,2802.09
2003-09-25,1632.75
2003-09-28,2204.6
2003-09-28,4904.0
2003-09-28,3641.57
2003-09-28,4407.5
2003-09-28,2780.81
2003-09-28,2711.88
2003-09-28,5456.4
2003-09-28,3003.0
2003-09-28,7036.89
2003-09-28,5393.64
2003-09-28,2573.46
2003-09-28,1779.71
2003-09-28,1834.36
2003-10-02,2826.27
2003-10-02,2315.88
2003-10-04,3788.4
2003-10-04,2807.61
2003-10-04,3786.49
2003-10-04,3984.6
2003-10-04,1822.18
2003-10-04,1685.42
2003-10-04,5521.89
2003-10-04,3861.2
2003-10-05,1944.54
2003-10-05,1649.28
2003-10-05,1129.04
2003-10-05,7723.5
2003-10-05,2120.14
2003-10-05,3424.64
2003-10-05,6446.7
2003-10-05,4011.66
2003-10-05,5917.78
2003-10-05,7488.04
2003-10-05,3223.44
2003-10-06,3575.04
2003-10-06,3392.26
2003-10-06,3778.28
2003-10-06,3392.84
2003-10-06,1671.44
2003-10-06,1672.1
2003-10-06,2513.41
2003-10-06,5298.86
2003-10-06,3715.2
2003-10-06,3482.16
2003-10-06,1670.26
2003-10-06,3622.97
2003-10-06,1900.26
2003-10-06,6531.44
2003-10-06,2353.4
2003-10-06,2925.76
2003-10-06,4526.08
2003-10-06,5548.95
2003-10-06,7310.0
2003-10-08,4954.08
2003-10-08,820.4
2003-10-10,2169.18
2003-10-10,1705.41
2003-10-10,8296.35
2003-10-10,5355.68
2003-10-10,3490.0
2003-10-10,1543.3
2003-10-10,2219.6
2003-10-10,5205.27
2003-10-10,1239.0
2003-10-10,6238.84
2003-10-10,2162.16
2003-10-10,1357.86
2003-10-10,1762.08
2003-10-10,3638.0
2003-10-10,2347.15
2003-10-10,1474.66
2003-10-10,4132.7
2003-10-10,4618.88
2003-10-10,5016.83
2003-10-11,3364.9
2003-10-11,5294.14
2003-10-11,1554.0
2003-10-11,4767.7
2003-10-11,3996.4
2003-10-11,5182.0
2003-10-17,3764.88
2003-10-17,1226.59
2003-10-17,3148.2
2003-10-17,2013.5
2003-10-17,2692.12
2003-10-17,5544.0
2003-10-17,6145.44
2003-10-17,3187.8
2003-10-17,6153.73
2003-10-17,1541.0
2003-10-17,2759.75
2003-10-17,2144.6
2003-10-18,1007.14
2003-10-18,7209.12
2003-10-18,1560.47
2003-10-18,4389.12
2003-10-18,1879.74
2003-10-18,3912.09
2003-10-18,5176.5
2003-10-18,1442.26
2003-10-18,4299.7
2003-10-18,2304.45
2003-10-20,3329.09
2003-10-20,3358.08
2003-10-20,3845.1
2003-10-20,4900.8
2003-10-20,4991.44
2003-10-20,4860.24
2003-10-21,5012.55
2003-10-21,6930.74
2003-10-21,2692.06
2003-10-21,2634.96
2003-10-21,3013.97
2003-10-21,6563.06
2003-10-21,3570.12
2003-10-21,3195.27
2003-10-21,1916.98
2003-10-21,1345.75
2003-10-21,3536.82
2003-10-22,8594.52
2003-10-22,2207.52
2003-10-22,3337.6
2003-10-22,5032.95
2003-10-22,4661.76
2003-10-22,5559.03
2003-10-22,859.14
2003-10-22,2204.1
2003-10-22,1734.0
2003-10-22,2351.36
2003-10-22,4556.16
2003-10-22,4880.02
2003-10-22,2384.64
2003-10-22,5344.5
2003-10-22,5984.14
2003-10-22,8754.69
2003-10-22,2537.64
2003-10-22,6825.6
2003-10-23,2431.94
2003-10-23,3812.16
2003-10-23,1668.4
2003-10-23,2019.84
2003-10-23,3363.52
2003-10-23,2812.8
2003-10-23,5924.16
2003-10-23,3225.06
2003-10-23,3003.0
2003-10-23,2940.02
2003-10-23,3599.58
2003-10-23,1593.2
2003-10-23,1846.42
2003-10-23,3239.62
2003-10-23,1467.48
2003-10-23,5763.72
2003-10-28,3431.39
2003-10-28,4183.0
2003-10-28,5747.5
2003-10-28,2814.28
2003-10-28,2281.91
2003-10-28,6433.7
2003-10-28,3233.49
2003-10-28,4608.0
2003-10-28,1490.16
2003-10-28,2492.64
2003-10-28,2186.89
2003-10-28,3479.76
2003-10-28,3756.0
2003-10-28,3244.36
2003-10-28,4527.72
2003-10-28,3660.93
2003-10-28,1971.54
2003-10-28,2762.2
2003-11-04,4910.4
2003-11-04,4639.25
2003-11-04,3866.4
2003-11-04,1262.8
2003-11-04,2598.82
2003-11-04,3920.88
2003-11-04,2298.24
2003-11-04,2264.32
2003-11-04,1707.14
2003-11-04,2269.92
2003-11-04,3819.56
2003-11-04,4391.1
2003-11-04,4444.92
2003-11-04,5464.69
2003-11-04,2816.18
2003-11-04,5019.9
2003-11-04,1035.58
2003-11-05,3452.68
2003-11-05,4680.2
2003-11-05,977.43
2003-11-05,2167.22
2003-11-05,1112.94
2003-11-05,4492.83
2003-11-05,2761.96
2003-11-05,5481.45
2003-11-05,1495.26
2003-11-05,2759.31
2003-11-05,1504.16
2003-11-05,5493.12
2003-11-05,1951.92
2003-11-05,4508.0
2003-11-05,1584.66
2003-11-05,1639.22
2003-11-05,2422.08
2003-11-05,6023.16
2003-11-05,5036.16
2003-11-05,3508.8
2003-11-05,1277.64
2003-11-05,4965.24
2003-11-05,2807.22
2003-11-05,2728.03
2003-11-05,1163.05
2003-11-05,2571.14
2003-11-05,2122.08
2003-11-05,1453.84
2003-11-06,3611.16
2003-11-06,2436.72
2003-11-06,2448.72
2003-11-06,5891.04
2003-11-06,1151.44
2003-11-06,1857.06
2003-11-06,2174.42
2003-11-06,2840.48
2003-11-06,2969.96
2003-11-06,3165.5
2003-11-06,5532.12
2003-11-06,8014.82
2003-11-06,2194.22
2003-11-06,1408.0
2003-11-06,5121.59
2003-11-06,5592.22
2003-11-06,2915.66
2003-11-06,3114.89
2003-11-06,4419.89
2003-11-06,5362.83
2003-11-06,7872.5
2003-11-06,3543.28
2003-11-06,8378.69
2003-11-06,7474.5
2003-11-06,3667.6
2003-11-06,4480.32
2003-11-06,6817.22
2003-11-07,4055.04
2003-11-07,2738.54
2003-11-07,3070.52
2003-11-07,6083.0
2003-11-07,2451.84
2003-11-07,2009.2
2003-11-07,2611.0
2003-11-07,1824.0
2003-11-07,3675.63
2003-11-07,2526.48
2003-11-07,3266.1
2003-11-08,2301.75
2003-11-08,3431.25
2003-11-08,2169.9
2003-11-08,6490.68
2003-11-08,3293.24
2003-11-08,1988.28
2003-11-08,3492.48
2003-11-08,1514.52
2003-11-08,5386.56
2003-11-08,2748.56
2003-11-08,3350.52
2003-11-08,1930.5
2003-11-11,1605.0
2003-11-11,1991.92
2003-11-11,2521.05
2003-11-11,4695.6
2003-11-11,6747.6
2003-11-11,1545.64
2003-11-11,1964.76
2003-11-11,2497.77
2003-11-11,1057.56
2003-11-11,5355.36
2003-11-11,2514.6
2003-11-11,1919.4
2003-11-11,5565.12
2003-11-11,8892.9
2003-11-12,4477.32
2003-11-12,1742.4
2003-11-12,1578.79
2003-11-12,3488.34
2003-11-12,2395.8
2003-11-12,2860.76
2003-11-12,6324.75
2003-11-12,3286.08
2003-11-12,3072.96
2003-11-12,2183.25
2003-11-12,1830.22
2003-11-12,1628.0
2003-11-12,1626.24
2003-11-12,1436.76
2003-11-12,2649.6
2003-11-12,3884.76
2003-11-12,1138.94
2003-11-12,3942.72
2003-11-12,971.98
2003-11-12,5418.16
2003-11-12,3047.73
2003-11-12,7554.8
2003-11-12,3107.61
2003-11-12,2484.6
2003-11-12,2212.0
2003-11-12,6244.07
2003-11-12,3395.48
2003-11-12,1506.96
2003-11-12,2323.7
2003-11-12,5435.64
2003-11-12,3861.75
2003-11-12,5785.26
2003-11-12,2848.23
2003-11-12,5411.07
2003-11-13,1972.0
2003-11-13,3167.36
2003-11-13,2441.04
2003-11-13,2033.64
2003-11-13,2000.77
2003-11-13,3298.55
2003-11-13,2488.2
2003-11-13,5035.11
2003-11-13,3433.36
2003-11-13,6163.94
2003-11-13,5372.57
2003-11-13,2655.12
2003-11-14,3630.28
2003-11-14,3891.66
2003-11-14,7381.16
2003-11-14,3170.7
2003-11-14,1804.04
2003-11-14,7886.2
2003-11-14,1449.84
2003-11-14,2071.41
2003-11-14,5096.91
2003-11-14,2832.0
2003-11-14,1459.92
2003-11-14,4607.36
2003-11-14,4948.2
2003-11-14,1336.44
2003-11-14,4038.21
2003-11-14,3883.74
2003-11-14,1863.41
2003-11-14,972.4
2003-11-14,3496.32
2003-11-14,2453.55
2003-11-14,2862.72
2003-11-14,3079.44
2003-11-14,2254.98
2003-11-14,2389.68
2003-11-14,3854.24
2003-11-14,3952.83
2003-11-14,5984.14
2003-11-14,3442.04
2003-11-14,4918.78
2003-11-14,5795.72
2003-11-14,4516.22
2003-11-14,4409.72
2003-11-14,1134.0
2003-11-14,2445.6
2003-11-14,1522.4
2003-11-14,6004.8
2003-11-14,2647.04
2003-11-14,1747.9
2003-11-18,8714.7
2003-11-18,5512.32
2003-11-18,2535.75
2003-11-18,3656.0
2003-11-18,4512.48
2003-11-18,3957.05
2003-11-18,3660.92
2003-11-18,2093.44
2003-11-18,4351.16
2003-11-19,3600.24
2003-11-19,2668.8
2003-11-19,1517.54
2003-11-19,3199.98
2003-11-20,3918.46
2003-11-20,3127.82
2003-11-20,5566.0
2003-11-20,4237.76
2003-11-20,7421.3
2003-11-20,5590.0
2003-11-20,2880.48
2003-11-20,4965.84
2003-11-20,2916.76
2003-11-20,3840.9
2003-11-20,2583.34
2003-11-20,3300.66
2003-11-20,4088.7
2003-11-20,3845.6
2003-11-20,4258.36
2003-11-20,2328.64
2003-11-20,3414.58
2003-11-20,3544.56
2003-11-20,1939.2
2003-11-20,3415.68
2003-11-20,6319.35
2003-11-20,5340.6
2003-11-20,3052.33
2003-11-20,2530.01
2003-11-20,917.7
2003-11-21,2609.88
2003-11-21,1244.16
2003-11-21,2455.02
2003-11-21,2539.84
2003-11-21,759.46
2003-11-21,3141.6
2003-11-21,2769.89
2003-11-21,3106.88
2003-11-21,2491.86
2003-11-21,1012.4
2003-11-21,1906.5
2003-11-21,902.66
2003-11-21,2341.2
2003-11-21,4642.88
2003-11-21,2279.0
2003-11-21,3675.32
2003-11-25,1804.44
2003-11-25,7290.36
2003-11-25,2142.66
2003-11-25,2314.26
2003-11-25,6445.46
2003-11-25,5760.93
2003-11-25,3172.05
2003-11-25,3608.15
2003-11-25,3699.88
2003-11-25,1960.14
2003-11-25,3598.99
2003-11-25,4262.08
2003-11-25,7620.5
2003-11-25,4933.92
2003-11-25,4263.74
2003-11-25,5128.11
2003-11-25,2924.68
2003-11-25,5161.17
2003-11-25,1385.28
2003-11-25,905.28
2003-11-25,1835.98
2003-11-26,4036.04
2003-11-26,1900.36
2003-11-26,2172.48
2003-11-26,2856.14
2003-11-26,3910.4
2003-11-26,3807.12
2003-11-26,3939.5
2003-11-26,5090.5
2003-11-26,5324.4
2003-11-26,6893.81
2003-11-26,7232.16
2003-11-26,2109.66
2003-11-26,4537.08
2003-11-26,4720.0
2003-11-26,4534.6
2003-11-26,1209.59
2003-11-26,3564.75
2003-11-26,8887.7
2003-11-26,3267.25
2003-11-26,1487.41
2003-11-26,2538.8
2003-11-26,2488.32
2003-11-27,4774.56
2003-11-27,2846.17
2003-11-27,1935.09
2003-11-27,2546.8
2003-11-27,7483.98
2003-11-27,3255.36
2003-12-01,3025.92
2003-12-01,1113.6
2003-12-01,2168.54
2003-12-01,1847.0
2003-12-01,8065.89
2003-12-01,4029.0
2003-12-01,4351.23
2003-12-01,3131.2
2003-12-01,3989.76
2003-12-01,1944.3
2003-12-02,3846.15
2003-12-02,2241.45
2003-12-02,2254.8
2003-12-02,8291.04
2003-12-02,4242.0
2003-12-02,4527.04
2003-12-02,777.0
2003-12-02,1295.97
2003-12-02,3184.8
2003-12-02,5890.5
2003-12-02,3930.4
2003-12-02,4169.88
2003-12-02,2206.6
2003-12-02,2839.32
2003-12-02,5195.85
2003-12-02,4032.0
2003-12-02,6996.42
2003-12-02,1249.4
2003-12-02,2482.11
2003-12-02,6182.4
2003-12-02,1643.12
2003-12-02,3206.32
2003-12-02,5127.04
2003-12-02,6432.64
2003-12-02,3651.56
2003-12-02,3431.7
2003-12-02,4368.96
2003-12-02,5735.8
2003-12-03,913.92
2003-12-03,7492.4
2003-12-03,3053.28
2003-12-03,1189.44
2003-12-03,3735.72
2003-12-05,9064.89
2003-12-05,3871.89
2003-12-05,2444.4
2003-12-05,4056.36
2003-12-05,2117.52
2003-12-05,3213.87
2003-12-05,3581.4
2003-12-05,1119.93
2003-12-05,3966.78
2003-12-05,1888.88
2003-12-05,3336.29
2003-12-09,3937.25
2003-12-09,2657.76
2003-12-09,6819.04
2003-12-09,1247.4
2003-12-09,2294.18
2003-12-09,7060.24
2003-12-09,2585.93
2003-12-09,2544.75
2003-12-09,3384.36
2003-12-09,2980.6
2003-12-09,6658.02
2003-12-09,6146.8
2003-12-09,4076.19
2003-12-09,5752.54
2003-12-09,1621.62
2003-12-09,3964.1
2004-01-02,2682.96
2004-01-02,3142.36
2004-01-02,1788.0
2004-01-02,1968.3
2004-01-02,2837.46
2004-01-02,2818.53
2004-01-02,5614.56
2004-01-02,3424.7
2004-01-02,3114.4
2004-01-02,3222.0
2004-01-02,2622.48
2004-01-02,8602.92
2004-01-02,4301.15
2004-01-02,4447.4
2004-01-02,3949.65
2004-01-09,3535.03
2004-01-09,2927.43
2004-01-09,2498.6
2004-01-09,2145.12
2004-01-09,2817.92
2004-01-09,1974.06
2004-01-09,5197.92
2004-01-09,2793.24
2004-01-12,1851.0
2004-01-12,2678.4
2004-01-12,2953.86
2004-01-12,2018.4
2004-01-12,2840.0
2004-01-12,2818.0
2004-01-12,3844.0
2004-01-12,6123.4
2004-01-12,2658.96
2004-01-12,3675.86
2004-01-12,1986.8
2004-01-12,3009.09
2004-01-12,1763.86
2004-01-12,1649.55
2004-01-12,5719.5
2004-01-12,2592.72
2004-01-12,2307.24
2004-01-15,2730.0
2004-01-15,1731.84
2004-01-15,2254.0
2004-01-15,2351.04
2004-01-15,4771.8
2004-01-15,3745.28
2004-01-15,2591.96
2004-01-15,1338.12
2004-01-15,4040.03
2004-01-15,4708.44
2004-01-15,2488.14
2004-01-15,3222.0
2004-01-15,2027.52
2004-01-15,5673.58
2004-01-15,7498.9
2004-01-16,2399.85
2004-01-16,4180.44
2004-01-16,3966.3
2004-01-16,4492.36
2004-01-16,3374.71
2004-01-16,6949.67
2004-01-16,4039.26
2004-01-16,1339.8
2004-01-16,4186.73
2004-01-16,4946.76
2004-01-16,4840.87
2004-01-16,2149.74
2004-01-16,6357.6
2004-01-16,1476.28
2004-01-16,5554.4
2004-01-16,4910.4
2004-01-22,3602.02
2004-01-22,2084.75
2004-01-22,2790.45
2004-01-26,3604.23
2004-01-26,683.8
2004-01-26,1534.72
2004-01-26,2349.06
2004-01-26,9534.5
2004-01-26,1322.16
2004-01-26,5967.0
2004-01-29,1423.29
2004-01-29,3532.23
2004-01-29,2413.26
2004-01-29,5152.0
2004-01-29,4555.92
2004-01-29,5285.14
2004-01-29,1820.01
2004-01-29,2082.88
2004-01-29,6075.3
2004-01-29,5510.05
2004-02-02,5759.42
2004-02-04,2148.3
2004-02-04,4509.08
2004-02-04,2244.9
2004-02-04,3148.88
2004-02-04,7020.48
2004-02-04,2419.95
2004-02-04,2728.0
2004-02-10,4891.68
2004-02-10,1931.65
2004-02-10,846.51
2004-02-10,8448.64
2004-02-12,7181.44
2004-02-12,4713.6
2004-02-12,8258.0
2004-02-12,5045.22
2004-02-12,1056.4
2004-02-12,2056.2
2004-02-12,3983.05
2004-02-12,5032.74
2004-02-12,1457.82
2004-02-18,6804.63
2004-02-18,4417.38
2004-02-18,1855.41
2004-02-18,2231.0
2004-02-18,3491.67
2004-02-19,2914.2
2004-02-19,2659.54
2004-02-19,6954.08
2004-02-19,3183.29
2004-02-19,1942.77
2004-02-19,2955.54
2004-02-19,1416.39
2004-02-19,3025.05
2004-02-19,5997.6
2004-02-19,2608.96
2004-02-19,2280.24
2004-02-19,3858.75
2004-02-19,3328.07
2004-02-19,3246.75
2004-02-19,4636.38
2004-02-19,3703.46
2004-02-19,4187.22
2004-02-19,2718.72
2004-02-20,1896.66
2004-02-20,5422.39
2004-02-20,3199.86
2004-02-20,1716.26
2004-02-20,4724.91
2004-02-20,1695.96
2004-02-20,1320.8
2004-02-20,9774.03
2004-02-20,3965.66
2004-02-20,2921.28
2004-02-20,3608.76
2004-02-20,2534.75
2004-02-20,2633.78
2004-02-20,1747.2
2004-02-20,2475.27
2004-02-21,2972.58
2004-02-21,1695.49
2004-02-21,3336.9
2004-02-21,6087.94
2004-02-21,3864.5
2004-02-21,2220.72
2004-02-22,6407.86
2004-02-22,1538.46
2004-02-22,5260.15
2004-02-22,1205.04
2004-02-22,3540.53
2004-02-22,4529.28
2004-02-22,2684.43
2004-02-22,3039.96
2004-02-22,4564.08
2004-02-22,2495.5
2004-02-22,2864.17
2004-02-22,4517.91
2004-02-22,3235.18
2004-02-22,4550.0
2004-02-26,7343.9
2004-02-26,4420.32
2004-02-26,1265.46
2004-02-26,1557.72
2004-02-26,3231.36
2004-02-26,4161.38
2004-02-26,3892.08
2004-03-02,1504.12
2004-03-02,4340.49
2004-03-02,2136.01
2004-03-02,3666.96
2004-03-02,7017.76
2004-03-02,1161.12
2004-03-02,5579.02
2004-03-02,1185.3
2004-03-02,4142.58
2004-03-02,3184.8
2004-03-02,1423.8
2004-03-02,3712.8
2004-03-02,3566.94
2004-03-02,1226.82
2004-03-02,2953.75
2004-03-10,2866.95
2004-03-10,3181.53
2004-03-10,6463.23
2004-03-10,3406.59
2004-03-10,3360.0
2004-03-10,2504.4
2004-03-11,1569.75
2004-03-11,1667.4
2004-03-11,2793.0
2004-03-11,3451.0
2004-03-11,4521.96
2004-03-11,5614.0
2004-03-11,2191.2
2004-03-11,1085.04
2004-03-11,4172.52
2004-03-11,1244.53
2004-03-11,5704.32
2004-03-11,6426.5
2004-03-11,3765.32
2004-03-11,4716.23
2004-03-15,7300.51
2004-03-15,1955.88
2004-03-15,2242.02
2004-03-15,7016.31
2004-03-15,7238.28
2004-03-15,4737.15
2004-03-15,2801.4
2004-03-15,3974.94
2004-03-19,8378.58
2004-03-19,6952.12
2004-03-20,5652.94
2004-03-20,4598.4
2004-03-20,2059.19
2004-03-20,2296.84
2004-03-20,1192.56
2004-03-20,2885.05
2004-03-20,4615.68
2004-03-20,3606.02
2004-03-29,3788.4
2004-03-29,2544.12
2004-03-29,2389.6
2004-04-02,2944.0
2004-04-02,2580.25
2004-04-02,2466.7
2004-04-02,2214.67
2004-04-02,1449.35
2004-04-02,4177.49
2004-04-02,3372.5
2004-04-02,2402.75
2004-04-02,1824.72
2004-04-02,1981.65
2004-04-02,2642.82
2004-04-02,3245.6
2004-04-03,1281.56
2004-04-03,3153.6
2004-04-03,2852.08
2004-04-05,3113.64
2004-04-05,2299.0
2004-04-05,4193.28
2004-04-05,2333.12
2004-04-05,1045.98
2004-04-05,7023.9
2004-04-05,2070.9
2004-04-05,1366.8
2004-04-05,1357.72
2004-04-09,3167.38
2004-04-09,1484.2
2004-04-09,2999.97
2004-04-09,2935.15
2004-04-09,6350.96
2004-04-09,5774.72
2004-04-09,6554.24
2004-04-09,2062.94
2004-04-12,891.2
2004-04-12,3400.32
2004-04-12,7083.37
2004-04-12,1958.88
2004-04-12,4479.63
2004-04-13,3787.98
2004-04-13,2762.2
2004-04-13,2009.7
2004-04-13,5526.32
2004-04-13,2508.66
2004-04-13,2397.45
2004-04-13,7597.3
2004-04-13,6853.44
2004-04-13,5959.22
2004-04-13,2341.71
2004-04-13,1681.46
2004-04-13,845.25
2004-04-13,5628.89
2004-04-13,2114.58
2004-04-13,4441.5
2004-04-20,1698.78
2004-04-26,974.82
2004-04-26,6154.18
2004-04-29,3340.51
2004-04-29,1764.75
2004-04-29,3467.2
2004-04-29,1394.16
2004-04-29,5950.34
2004-04-29,3525.6
2004-04-29,4684.8
2004-04-29,3035.88
2004-04-29,1164.4
2004-05-04,3043.04
2004-05-04,3451.0
2004-05-04,6120.34
2004-05-04,2694.15
2004-05-04,4133.64
2004-05-04,4628.8
2004-05-04,5920.4
2004-05-04,2390.22
2004-05-04,4591.72
2004-05-05,4157.73
2004-05-05,6549.2
2004-05-05,7132.68
2004-05-05,10606.2
2004-05-05,5069.66
2004-05-05,2928.42
2004-05-05,1704.5
2004-05-05,3128.65
2004-05-05,2159.96
2004-05-05,6311.2
2004-05-05,2314.4
2004-05-05,1988.4
2004-05-05,1859.7
2004-05-05,1767.43
2004-05-05,6756.0
2004-05-05,3520.6
2004-05-05,4381.25
2004-05-07,2568.24
2004-05-07,2910.4
2004-05-07,1755.13
2004-05-07,3802.56
2004-05-07,1553.58
2004-05-07,5082.42
2004-05-07,3162.95
2004-05-07,4157.2
2004-05-07,3245.4
2004-05-07,6960.48
2004-05-07,2428.48
2004-05-07,3170.16
2004-05-07,1506.96
2004-05-07,3053.7
2004-05-08,1742.5
2004-05-08,1843.52
2004-05-08,5600.5
2004-05-08,1356.4
2004-05-08,3838.0
2004-05-11,6055.72
2004-05-11,2803.2
2004-05-11,2363.22
2004-05-11,3061.0
2004-05-11,2747.53
2004-05-11,3002.4
2004-05-11,2668.68
2004-05-11,1869.48
2004-05-11,3282.28
2004-05-11,2760.94
2004-05-11,8160.3
2004-05-11,2956.8
2004-05-11,2831.54
2004-05-11,3909.15
2004-05-18,1774.22
2004-05-18,3188.64
2004-05-18,2637.18
2004-05-18,5756.52
2004-05-18,7078.23
2004-05-18,7552.28
2004-05-26,6749.83
2004-05-26,1738.08
2004-05-26,3559.4
2004-05-26,3092.6
2004-05-26,2832.0
2004-05-26,1638.04
2004-05-26,1527.8
2004-05-26,3317.78
2004-05-26,3475.68
2004-06-01,1706.8
2004-06-01,1930.39
2004-06-01,3922.56
2004-06-01,2254.25
2004-06-01,1263.84
2004-06-01,5177.04
2004-06-01,5148.0
2004-06-01,3374.88
2004-06-01,4459.62
2004-06-01,4910.57
2004-06-01,4029.38
2004-06-01,6773.6
2004-06-01,3054.48
2004-06-01,2402.84
2004-06-04,3726.0
2004-06-04,1690.9
2004-06-08,1500.75
2004-06-08,3248.7
2004-06-14,4407.0
2004-06-14,2321.54
2004-06-14,2632.28
2004-06-14,3138.34
2004-06-14,3628.94
2004-06-15,3054.57
2004-06-15,1257.27
2004-06-15,5453.0
2004-06-15,6668.24
2004-06-15,5285.62
2004-06-15,4666.62
2004-06-15,1753.2
2004-06-15,1228.2
2004-06-15,3641.4
2004-06-15,1310.96
2004-06-15,7680.64
2004-06-15,3657.69
2004-06-15,1030.44
2004-06-15,3900.6
2004-06-15,3379.94
2004-06-15,5697.9
2004-06-15,4033.38
2004-06-15,6541.2
2004-06-15,1476.6
2004-06-17,4512.6
2004-06-17,3021.48
2004-06-17,1790.6
2004-06-17,4071.5
2004-06-17,2108.0
2004-06-17,3378.24
2004-06-17,1472.62
2004-06-17,2203.75
2004-06-17,2005.74
2004-06-24,1860.53
2004-06-24,3164.4
2004-06-24,2487.45
2004-06-24,4103.46
2004-06-24,3361.2
2004-06-24,3236.1
2004-06-24,2052.0
2004-06-24,2994.75
2004-06-24,4273.29
2004-06-24,2948.16
2004-06-24,1199.31
2004-06-24,1611.36
2004-06-24,3310.92
2004-06-24,6567.96
2004-06-24,4142.16
2004-06-24,2697.6
2004-06-28,5465.16
2004-06-28,2311.02
2004-06-28,3676.76
2004-06-28,2843.61
2004-06-28,4307.52
2004-06-28,1808.4
2004-06-28,2477.21
2004-06-28,8336.94
2004-06-28,1997.5
2004-06-28,4472.0
2004-06-28,6434.4
2004-06-30,3913.69
2004-06-30,651.8
2004-06-30,2626.08
2004-06-30,4206.5
2004-06-30,2410.6
2004-06-30,2408.7
2004-06-30,3330.98
2004-07-02,8427.02
2004-07-02,3907.8
2004-07-06,1352.4
2004-07-06,9160.36
2004-07-06,2824.8
2004-07-06,5035.14
2004-07-06,2932.08
2004-07-06,2935.15
2004-07-06,2526.51
2004-07-06,6203.4
2004-07-06,5196.6
2004-07-06,2464.77
2004-07-06,1373.6
2004-07-06,2454.54
2004-07-06,4468.4
2004-07-06,2681.35
2004-07-06,4812.55
2004-07-07,2719.8
2004-07-07,4256.56
2004-07-07,5110.98
2004-07-07,4645.72
2004-07-07,3204.0
2004-07-07,3315.12
2004-07-16,2018.56
2004-07-16,4674.72
2004-07-19,2567.84
2004-07-19,4094.72
2004-07-19,4775.08
2004-07-19,2983.44
2004-07-19,1330.35
2004-07-19,2743.04
2004-07-19,4164.12
2004-07-19,4905.39
2004-07-19,5383.08
2004-07-19,4048.0
2004-07-19,4302.08
2004-07-20,2443.26
2004-07-20,3734.0
2004-07-20,4283.01
2004-07-20,5093.5
2004-07-20,5605.05
2004-07-20,3928.6
2004-07-20,2908.35
2004-07-20,2913.3
2004-07-20,3070.54
2004-07-20,1732.0
2004-07-20,9169.0
2004-07-20,1585.36
2004-07-20,7962.24
2004-07-20,3345.26
2004-07-20,5818.4
2004-07-20,1666.7
2004-07-20,3012.27
2004-07-21,5026.4
2004-07-21,1875.2
2004-07-21,3334.04
2004-07-21,2345.97
2004-07-21,3984.96
2004-07-21,1696.82
2004-07-21,2796.12
2004-07-21,2603.2
2004-07-21,2610.72
2004-07-21,5450.59
2004-07-21,1372.14
2004-07-21,2969.46
2004-07-21,4287.5
2004-07-21,3508.8
2004-07-21,1735.92
2004-07-21,3446.0
2004-07-21,2146.2
2004-07-21,2784.76
2004-07-21,6724.0
2004-07-21,2172.48
2004-07-23,3163.65
2004-07-23,2864.32
2004-07-23,3164.8
2004-07-23,6378.72
2004-07-23,2353.2
2004-07-23,2249.05
2004-07-23,4177.35
2004-07-23,3357.49
2004-07-23,2399.4
2004-07-23,1791.16
2004-07-23,6901.92
2004-07-23,1883.93
2004-07-23,1724.82
2004-07-23,2153.76
2004-07-23,4472.52
2004-07-23,2380.0
2004-07-23,1682.37
2004-07-23,2904.44
2004-08-02,4304.64
2004-08-02,988.47
2004-08-02,5713.92
2004-08-02,3924.6
2004-08-02,3184.02
2004-08-02,5181.5
2004-08-02,5464.69
2004-08-02,1224.6
2004-08-02,1661.88
2004-08-02,2658.48
2004-08-02,3472.54
2004-08-02,1486.38
2004-08-02,3608.64
2004-08-02,9631.0
2004-08-04,3127.88
2004-08-06,1205.59
2004-08-06,2634.94
2004-08-06,6401.22
2004-08-06,4116.8
2004-08-06,3159.75
2004-08-06,4667.86
2004-08-06,2604.52
2004-08-06,4324.32
2004-08-06,1584.8
2004-08-06,3754.05
2004-08-09,5580.96
2004-08-09,3918.53
2004-08-09,2344.98
2004-08-09,1575.08
2004-08-09,6168.0
2004-08-09,2398.72
2004-08-17,1557.36
2004-08-17,4455.0
2004-08-17,1574.0
2004-08-17,5126.24
2004-08-17,577.6
2004-08-17,1656.69
2004-08-17,3668.6
2004-08-17,3704.05
2004-08-17,2800.08
2004-08-17,2954.53
2004-08-17,2137.05
2004-08-17,3006.43
2004-08-17,5239.5
2004-08-17,3474.46
2004-08-17,4750.8
2004-08-17,1381.05
2004-08-17,8014.82
2004-08-19,2634.28
2004-08-19,2402.07
2004-08-19,2792.52
2004-08-19,813.2
2004-08-19,2779.5
2004-08-19,2482.25
2004-08-19,1710.89
2004-08-19,2321.46
2004-08-19,2938.5
2004-08-19,5773.44
2004-08-19,5247.18
2004-08-19,1674.17
2004-08-19,4191.25
2004-08-19,7020.64
2004-08-20,3396.44
2004-08-20,2407.68
2004-08-20,2992.0
2004-08-20,4174.92
2004-08-20,3091.19
2004-08-20,2059.26
2004-08-20,3778.8
2004-08-20,4310.72
2004-08-20,3580.88
2004-08-20,2470.86
2004-08-20,2147.4
2004-08-20,7071.27
2004-08-20,5795.54
2004-08-20,3159.96
2004-08-20,4674.8
2004-08-20,4364.82
2004-08-20,6695.53
2004-08-20,3238.63
2004-08-20,1693.56
2004-08-20,3540.15
2004-08-20,2477.23
2004-08-20,1882.8
2004-08-20,1939.3
2004-08-20,1357.78
2004-08-20,3724.23
2004-08-20,5316.36
2004-08-20,4797.39
2004-08-21,1994.88
2004-08-21,2219.7
2004-08-21,1175.16
2004-08-21,1491.0
2004-08-21,2061.12
2004-08-21,2310.88
2004-08-21,1713.69
2004-08-21,2226.11
2004-08-21,2795.13
2004-08-21,4576.95
2004-08-21,5747.85
2004-08-21,1740.0
2004-08-21,4093.0
2004-08-27,2263.28
2004-08-27,6863.92
2004-08-27,981.2
2004-08-27,2733.12
2004-08-27,2600.26
2004-08-27,4099.68
2004-08-27,5438.07
2004-08-27,5392.8
2004-08-27,1518.11
2004-08-27,3658.93
2004-08-27,6484.59
2004-08-27,3077.88
2004-08-27,3716.88
2004-08-28,2173.6
2004-08-30,3042.68
2004-08-30,6761.6
2004-08-30,3516.48
2004-08-30,5052.96
2004-08-30,5852.52
2004-08-30,2846.63
2004-08-30,4297.32
2004-08-30,2675.13
2004-08-30,3524.8
2004-08-30,4300.32
2004-08-30,1427.4
2004-08-30,6499.32
2004-08-30,4756.5
2004-08-30,3625.16
2004-08-30,4310.55
2004-08-30,3432.24
2004-08-30,1359.4
2004-09-01,2381.04
2004-09-01,4873.26
2004-09-01,1340.46
2004-09-01,2328.66
2004-09-01,2834.65
2004-09-01,5875.2
2004-09-01,1729.0
2004-09-01,6539.04
2004-09-01,2616.0
2004-09-01,3822.92
2004-09-01,2830.45
2004-09-01,2936.8
2004-09-01,1106.93
2004-09-01,1688.43
2004-09-03,1345.68
2004-09-03,2177.1
2004-09-03,8272.34
2004-09-03,4567.98
2004-09-07,5171.4
2004-09-07,2501.98
2004-09-08,4554.94
2004-09-08,7136.19
2004-09-08,1871.83
2004-09-08,5288.64
2004-09-08,2178.54
2004-09-08,7140.76
2004-09-08,1927.45
2004-09-08,2844.87
2004-09-08,1500.98
2004-09-08,1172.34
2004-09-08,3256.96
2004-09-08,2866.26
2004-09-08,2326.5
2004-09-08,1502.78
2004-09-08,3855.9
2004-09-08,4687.94
2004-09-08,2150.0
2004-09-08,5713.79
2004-09-08,2296.0
2004-09-08,4983.14
2004-09-08,3832.38
2004-09-08,4528.86
2004-09-08,6387.8
2004-09-08,5398.08
2004-09-08,2099.63
2004-09-08,2214.87
2004-09-09,1921.92
2004-09-09,4242.24
2004-09-09,8411.56
2004-09-09,8253.0
2004-09-09,2418.24
2004-09-09,2819.28
2004-09-09,4946.06
2004-09-09,2084.81
2004-09-09,2941.89
2004-09-10,1958.84
2004-09-10,3427.2
2004-09-10,3908.62
2004-09-10,4692.6
2004-09-10,3473.78
2004-09-10,2576.2
2004-09-15,948.99
2004-09-15,1777.6
2004-09-15,2292.8
2004-09-15,1496.25
2004-09-15,2441.04
2004-09-15,4071.14
2004-09-15,5676.84
2004-09-15,4296.6
2004-09-15,1259.44
2004-09-15,2023.14
2004-09-15,1697.3
2004-09-15,1863.4
2004-09-15,1671.52
2004-09-15,3477.86
2004-09-16,4061.76
2004-09-16,3986.5
2004-09-16,2069.75
2004-09-16,2856.88
2004-09-16,2234.4
2004-09-16,1666.35
2004-09-16,2096.32
2004-09-27,1550.72
2004-09-27,3757.26
2004-09-30,3544.2
2004-09-30,4382.16
2004-09-30,5455.76
2004-09-30,4157.04
2004-09-30,2586.88
2004-09-30,2182.05
2004-09-30,7947.31
2004-09-30,2194.17
2004-09-30,6683.34
2004-09-30,2597.39
2004-09-30,1013.76
2004-10-06,2255.84
2004-10-06,965.04
2004-10-11,694.6
2004-10-11,6396.0
2004-10-11,3342.57
2004-10-11,1795.24
2004-10-11,3535.35
2004-10-11,4613.8
2004-10-11,2440.8
2004-10-11,3958.46
2004-10-11,10172.7
2004-10-11,4508.0
2004-10-11,1676.2
2004-10-11,1734.48
2004-10-11,2232.62
2004-10-11,1559.04
2004-10-11,4208.0
2004-10-11,2629.44
2004-10-11,3577.6
2004-10-13,2192.68
2004-10-13,2184.38
2004-10-13,6680.78
2004-10-13,4618.32
2004-10-13,4773.18
2004-10-13,4816.08
2004-10-13,2783.25
2004-10-13,1510.56
2004-10-13,3934.44
2004-10-13,3155.04
2004-10-13,3189.6
2004-10-13,7455.87
2004-10-13,4641.48
2004-10-13,2316.0
2004-10-14,3232.31
2004-10-14,2586.64
2004-10-14,2606.48
2004-10-14,3323.84
2004-10-14,3759.04
2004-10-14,1576.74
2004-10-14,3488.78
2004-10-14,2051.56
2004-10-14,4166.88
2004-10-14,2315.18
2004-10-14,2884.8
2004-10-14,7379.97
2004-10-14,1823.42
2004-10-14,6570.76
2004-10-14,3207.4
2004-10-14,2011.02
2004-10-14,3633.4
2004-10-14,3515.7
2004-10-14,1884.0
2004-10-14,2082.85
2004-10-14,2700.0
2004-10-14,3600.65
2004-10-14,3670.4
2004-10-14,4982.7
2004-10-14,3525.6
2004-10-14,2692.8
2004-10-15,1771.06
2004-10-15,3037.84
2004-10-15,1917.84
2004-10-15,4043.96
2004-10-15,3106.25
2004-10-15,4009.23
2004-10-15,2235.33
2004-10-15,4235.0
2004-10-15,2224.95
2004-10-15,2650.62
2004-10-15,2483.04
2004-10-15,1831.2
2004-10-15,2656.29
2004-10-15,3286.49
2004-10-15,1346.4
2004-10-15,4570.4
2004-10-15,3666.08
2004-10-15,4660.24
2004-10-15,4394.38
2004-10-15,2971.34
2004-10-15,2051.08
2004-10-15,3493.7
2004-10-16,8940.96
2004-10-16,4595.41
2004-10-16,3616.64
2004-10-16,1674.75
2004-10-16,2923.2
2004-10-16,3448.08
2004-10-16,2163.72
2004-10-16,2504.75
2004-10-16,4236.14
2004-10-16,4753.49
2004-10-16,2171.07
2004-10-16,5356.8
2004-10-16,6934.62
2004-10-16,6266.12
2004-10-16,2620.8
2004-10-16,2273.7
2004-10-16,3358.31
2004-10-16,5497.65
2004-10-16,1383.03
2004-10-16,6231.91
2004-10-16,3100.32
2004-10-16,1832.6
2004-10-16,2218.5
2004-10-16,5278.68
2004-10-16,2819.88
2004-10-16,2076.0
2004-10-16,3988.6
2004-10-16,1549.8
2004-10-21,1093.99
2004-10-21,4729.36
2004-10-21,1880.2
2004-10-21,11623.7
2004-10-21,3711.1
2004-10-21,1105.25
2004-10-21,4884.88
2004-10-21,3881.25
2004-10-21,3535.95
2004-10-21,2217.15
2004-10-21,3843.34
2004-10-21,865.49
2004-10-21,4181.44
2004-10-21,1152.06
2004-10-21,8078.4
2004-10-21,4457.02
2004-10-21,1834.5
2004-10-22,2973.9
2004-10-22,2881.76
2004-10-22,2731.8
2004-10-22,5776.26
2004-10-22,2366.28
2004-10-22,2337.38
2004-10-22,6913.8
2004-10-22,3416.78
2004-10-22,1912.16
2004-10-22,4206.74
2004-10-22,6678.0
2004-10-22,3403.12
2004-10-22,5581.8
2004-10-22,1797.58
2004-10-22,1753.06
2004-10-22,2481.7
2004-10-22,7975.44
2004-10-22,4000.26
2004-10-22,6393.54
2004-10-22,1727.1
2004-10-22,2669.1
2004-10-22,6185.7
2004-10-22,2339.92
2004-10-22,2327.15
2004-10-22,1448.07
2004-10-22,4572.25
2004-10-29,2542.0
2004-10-29,4215.05
2004-10-29,2081.76
2004-10-29,2670.65
2004-10-29,3380.69
2004-10-29,2227.6
2004-10-29,3602.16
2004-11-01,4801.52
2004-11-01,2306.25
2004-11-01,2872.25
2004-11-01,2706.41
2004-11-01,2513.28
2004-11-01,4195.8
2004-11-01,3139.99
2004-11-01,1485.8
2004-11-01,2333.7
2004-11-01,4080.07
2004-11-01,2166.14
2004-11-01,2795.14
2004-11-01,1987.02
2004-11-01,1419.84
2004-11-01,1962.09
2004-11-01,3609.6
2004-11-01,3615.71
2004-11-01,6386.94
2004-11-01,3573.6
2004-11-01,1617.38
2004-11-01,2736.36
2004-11-01,7110.8
2004-11-01,3704.13
2004-11-01,5981.42
2004-11-01,4128.96
2004-11-01,2650.56
2004-11-02,2213.4
2004-11-02,3116.43
2004-11-02,7119.0
2004-11-02,5305.36
2004-11-02,2916.2
2004-11-02,6437.28
2004-11-02,4358.04
2004-11-02,2257.58
2004-11-02,7667.14
2004-11-02,5566.5
2004-11-03,6876.11
2004-11-03,3684.67
2004-11-03,3491.0
2004-11-03,1108.38
2004-11-03,2626.8
2004-11-03,3403.08
2004-11-03,4850.3
2004-11-03,2598.64
2004-11-03,4111.8
2004-11-03,7901.1
2004-11-03,1591.98
2004-11-03,2533.63
2004-11-03,2789.96
2004-11-03,3478.05
2004-11-04,2181.0
2004-11-04,2116.5
2004-11-04,5803.14
2004-11-04,5700.09
2004-11-04,3710.9
2004-11-04,3500.1
2004-11-04,2028.48
2004-11-04,4232.76
2004-11-04,2364.88
2004-11-04,6000.4
2004-11-04,4489.76
2004-11-04,2984.88
2004-11-04,1229.51
2004-11-04,2251.04
2004-11-04,5797.44
2004-11-04,4784.13
2004-11-04,12536.5
2004-11-04,1888.95
2004-11-04,2142.35
2004-11-04,3734.0
2004-11-04,2851.2
2004-11-04,4052.88
2004-11-04,3524.73
2004-11-04,2851.54
2004-11-04,2624.0
2004-11-04,1224.67
2004-11-04,3305.25
2004-11-04,2905.98
2004-11-04,2257.92
2004-11-05,3011.91
2004-11-05,1236.84
2004-11-05,1517.88
2004-11-05,4248.3
2004-11-05,8844.12
2004-11-05,3051.71
2004-11-05,3820.44
2004-11-05,1729.0
2004-11-05,5325.76
2004-11-05,2583.6
2004-11-05,3155.49
2004-11-05,7207.45
2004-11-05,2688.0
2004-11-05,5377.4
2004-11-05,5932.96
2004-11-05,5190.42
2004-11-05,8209.44
2004-11-05,6832.02
2004-11-05,6203.06
2004-11-05,1658.88
2004-11-05,3338.1
2004-11-05,5379.71
2004-11-05,6267.69
2004-11-05,1963.6
2004-11-05,1466.91
2004-11-09,4300.5
2004-11-09,3807.68
2004-11-09,1845.0
2004-11-09,3519.85
2004-11-09,4333.29
2004-11-09,2340.0
2004-11-10,2804.75
2004-11-10,2022.51
2004-11-10,3209.38
2004-11-10,1146.5
2004-11-10,3204.57
2004-11-10,3440.0
2004-11-10,4781.7
2004-11-10,3469.2
2004-11-12,2112.0
2004-11-12,2828.16
2004-11-12,2762.1
2004-11-12,1459.6
2004-11-12,2616.98
2004-11-12,2675.05
2004-11-12,3348.93
2004-11-12,1765.62
2004-11-12,4114.38
2004-11-12,4156.58
2004-11-12,4072.2
2004-11-12,1948.08
2004-11-12,4021.53
2004-11-12,3815.48
2004-11-15,3789.72
2004-11-15,3176.0
2004-11-15,3846.98
2004-11-15,2954.81
2004-11-15,2524.86
2004-11-15,3542.64
2004-11-15,5868.2
2004-11-15,3493.91
2004-11-15,2245.8
2004-11-15,4396.14
2004-11-15,2633.4
2004-11-15,5266.04
2004-11-15,2875.95
2004-11-15,3607.56
2004-11-15,2930.27
2004-11-16,3403.26
2004-11-16,4405.22
2004-11-16,2019.27
2004-11-16,6101.0
2004-11-17,4102.56
2004-11-17,4170.69
2004-11-17,4849.24
2004-11-17,3166.84
2004-11-17,1859.44
2004-11-17,3257.76
2004-11-17,1592.0
2004-11-17,5715.4
2004-11-17,1538.55
2004-11-17,5026.56
2004-11-17,3135.93
2004-11-17,1687.4
2004-11-17,974.1
2004-11-17,1264.08
2004-11-17,3078.5
2004-11-17,2264.15
2004-11-17,1152.58
2004-11-17,3657.8
2004-11-17,1140.48
2004-11-17,2979.08
2004-11-17,3201.5
2004-11-17,7310.0
2004-11-17,3472.98
2004-11-17,1759.2
2004-11-17,1765.66
2004-11-17,6434.02
2004-11-17,3685.95
2004-11-17,1307.32
2004-11-17,4375.98
2004-11-17,2223.52
2004-11-17,2427.03
2004-11-17,3382.08
2004-11-18,4424.16
2004-11-18,3003.0
2004-11-18,2795.27
2004-11-18,2431.77
2004-11-18,3273.93
2004-11-18,11336.7
2004-11-18,1167.25
2004-11-18,1916.64
2004-11-19,6763.47
2004-11-19,2086.92
2004-11-19,4746.28
2004-11-19,3188.12
2004-11-19,2424.0
2004-11-19,1225.29
2004-11-19,5814.86
2004-11-19,2878.8
2004-11-19,5528.04
2004-11-20,2626.01
2004-11-20,6372.6
2004-11-20,3141.57
2004-11-20,2230.41
2004-11-20,5972.4
2004-11-20,3105.62
2004-11-20,7460.74
2004-11-20,4618.69
2004-11-20,5778.24
2004-11-20,1888.26
2004-11-20,9558.8
2004-11-20,4059.33
2004-11-21,2296.77
2004-11-21,4498.19
2004-11-21,2588.04
2004-11-21,2087.13
2004-11-21,2770.78
2004-11-21,5679.36
2004-11-21,4080.72
2004-11-21,2530.8
2004-11-21,1201.25
2004-11-22,2312.24
2004-11-22,5624.79
2004-11-22,5526.45
2004-11-23,2891.01
2004-11-23,1063.65
2004-11-23,2990.13
2004-11-23,6214.45
2004-11-23,2493.12
2004-11-23,2278.53
2004-11-23,1864.8
2004-11-23,3918.75
2004-11-23,10758.0
2004-11-23,2893.0
2004-11-23,4361.4
2004-11-23,2060.37
2004-11-23,2756.8
2004-11-23,2816.44
2004-11-23,3717.5
2004-11-23,2810.7
2004-11-24,2201.62
2004-11-24,2307.24
2004-11-24,3713.16
2004-11-24,6482.85
2004-11-24,3734.72
2004-11-24,1668.5
2004-11-24,2658.0
2004-11-24,3307.2
2004-11-24,4398.9
2004-11-24,977.67
2004-11-24,6276.46
2004-11-24,4826.25
2004-11-24,1454.7
2004-11-24,6548.3
2004-11-24,5029.5
2004-11-24,1308.0
2004-11-24,1575.6
2004-11-24,4094.51
2004-11-24,3160.74
2004-11-24,3599.75
2004-11-24,5848.92
2004-11-24,6454.4
2004-11-24,4136.0
2004-11-24,3368.16
2004-11-24,4220.92
2004-11-24,8118.55
2004-11-24,3584.25
2004-11-24,7737.93
2004-11-24,3644.12
2004-11-24,2997.6
2004-11-24,2024.8
2004-11-24,3098.7
2004-11-24,4682.36
2004-11-24,5013.54
2004-11-24,3390.8
2004-11-25,703.6
2004-11-25,1726.37
2004-11-25,2311.68
2004-11-25,1649.18
2004-11-25,2276.4
2004-11-25,2203.11
2004-11-25,7650.0
2004-11-25,3928.2
2004-11-29,3944.7
2004-11-29,1237.95
2004-11-29,3586.43
2004-11-29,2143.68
2004-11-29,2083.2
2004-11-29,2208.64
2004-11-29,1516.62
2004-11-29,4814.4
2004-11-29,4428.0
2004-11-29,5884.65
2004-11-29,6834.5
2004-11-29,2876.75
2004-11-29,2492.88
2004-11-29,2093.76
2004-11-29,4815.3
2004-11-29,2656.94
2004-11-29,3325.92
2004-11-29,4948.2
2004-12-01,4394.84
2004-12-01,4408.56
2004-12-01,7396.8
2004-12-01,1535.49
2004-12-01,2275.2
2004-12-01,5223.48
2004-12-01,5232.96
2004-12-01,6719.54
2004-12-01,3182.97
2004-12-01,1336.68
2004-12-02,2244.4
2004-12-02,3021.0
2004-12-02,3526.82
2004-12-02,2213.4
2004-12-02,3023.1
2004-12-02,1962.22
2004-12-02,2924.32
2004-12-02,4406.4
2004-12-02,2854.75
2004-12-02,6490.88
2004-12-02,3814.64
2004-12-02,2397.54
2004-12-02,1711.22
2004-12-02,5191.12
2004-12-02,2793.71
2004-12-02,1508.5
2004-12-02,2185.15
2004-12-03,3881.28
2004-12-03,2018.58
2004-12-03,2598.44
2004-12-03,1867.0
2004-12-03,3374.6
2004-12-03,4935.28
2004-12-03,1661.22
2004-12-03,2579.36
2004-12-03,2352.67
2004-12-04,1780.4
2004-12-04,3523.85
2004-12-04,3515.67
2004-12-04,3302.4
2004-12-04,3733.82
2004-12-04,5043.87
2004-12-04,2008.44
2004-12-04,3288.4
2004-12-04,3146.5
2004-12-07,5302.72
2004-12-07,1513.54
2004-12-07,2747.8
2004-12-07,1386.72
2004-12-07,4203.5
2004-12-07,2670.92
2004-12-07,2896.65
2004-12-07,3177.91
2004-12-07,4326.8
2004-12-07,1657.57
2004-12-09,1593.02
2004-12-09,3937.7
2004-12-09,4462.2
2004-12-09,9720.0
2004-12-09,2509.0
2004-12-09,3630.22
2004-12-09,4196.8
2004-12-09,1746.63
2004-12-09,828.36
2004-12-10,5960.36
2004-12-10,3822.0
2004-12-10,2711.66
2004-12-10,5691.84
2004-12-10,5780.92
2004-12-10,2694.72
2004-12-10,2428.0
2004-12-10,6847.0
2004-12-10,3572.33
2004-12-10,5160.76
2004-12-10,2528.25
2004-12-10,3559.64
2004-12-10,5302.8
2004-12-10,2604.25
2004-12-10,4428.0
2004-12-10,2991.68
2004-12-10,2673.44
2004-12-10,3761.37
2004-12-10,3458.42
2004-12-10,728.4
2004-12-10,5684.65
2004-12-10,2541.59
2004-12-10,5669.64
2004-12-10,2985.84
2004-12-15,2603.04
2004-12-15,4764.48
2004-12-15,3042.41
2004-12-15,2624.64
2004-12-15,4896.7
2004-12-15,6358.68
2004-12-15,1623.25
2004-12-15,4301.22
2004-12-17,4277.35
2004-12-17,1451.0
2004-12-17,1089.36
2004-12-17,2189.6
2004-12-17,2725.47
2004-12-17,1329.9
2004-12-17,1210.8
2004-12-17,1561.5
2004-12-17,5001.92
2004-12-17,2754.7
2004-12-17,3186.48
2004-12-17,3871.92
2004-12-17,3710.98
2004-12-17,3544.17
2005-01-05,4846.0
2005-01-05,1142.41
2005-01-05,3877.06
2005-01-05,3664.1
2005-01-06,2447.76
2005-01-06,2317.44
2005-01-06,3686.54
2005-01-06,2632.89
2005-01-06,6576.5
2005-01-06,3595.62
2005-01-06,2775.08
2005-01-06,2817.87
2005-01-06,2773.8
2005-01-06,1629.04
2005-01-06,4068.7
2005-01-06,4142.64
2005-01-06,2931.98
2005-01-06,2851.84
2005-01-06,3288.82
2005-01-06,5154.41
2005-01-07,2611.8
2005-01-07,3425.18
2005-01-07,4984.32
2005-01-10,6144.6
2005-01-10,6275.72
2005-01-10,4207.84
2005-01-12,3751.0
2005-01-12,3033.28
2005-01-12,4703.81
2005-01-12,2696.96
2005-01-12,856.52
2005-01-12,834.67
2005-01-12,8884.8
2005-01-12,2758.7
2005-01-12,1463.0
2005-01-12,1267.77
2005-01-12,5018.4
2005-01-12,4196.07
2005-01-12,4808.38
2005-01-19,4223.13
2005-01-19,1717.64
2005-01-19,1991.6
2005-01-19,4107.2
2005-01-19,3662.52
2005-01-20,3288.6
2005-01-20,3156.16
2005-01-20,4581.36
2005-01-20,3476.8
2005-01-20,1237.88
2005-01-20,3949.0
2005-01-20,1978.62
2005-01-20,3160.25
2005-01-20,4514.92
2005-01-20,1534.95
2005-01-20,8470.14
2005-01-20,9240.44
2005-01-20,2297.05
2005-01-20,3911.49
2005-01-20,2130.92
2005-01-20,2730.0
2005-01-20,1668.37
2005-01-23,1408.96
2005-01-23,2986.5
2005-01-23,3449.4
2005-01-23,2431.75
2005-01-23,2602.25
2005-01-23,4044.04
2005-01-23,4301.34
2005-01-23,1329.4
2005-01-23,2714.4
2005-01-23,1749.79
2005-01-23,5545.8
2005-01-23,3560.64
2005-01-26,2117.75
2005-01-26,3910.53
2005-01-26,7031.52
2005-01-26,3862.88
2005-01-26,5941.5
2005-01-26,3562.49
2005-01-26,5862.0
2005-01-26,4496.8
2005-01-26,1405.92
2005-01-31,2394.3
2005-01-31,2847.0
2005-01-31,4025.6
2005-01-31,2676.72
2005-01-31,3275.56
2005-01-31,3978.51
2005-01-31,1891.56
2005-01-31,1611.4
2005-01-31,3024.5
2005-01-31,2701.12
2005-01-31,4046.25
2005-01-31,2502.9
2005-01-31,2883.53
2005-01-31,3036.0
2005-01-31,4627.92
2005-01-31,1908.28
2005-01-31,1624.25
2005-02-02,2909.34
2005-02-02,3834.38
2005-02-02,5288.01
2005-02-02,1172.6
2005-02-02,4197.1
2005-02-02,4328.6
2005-02-03,5406.66
2005-02-03,3856.71
2005-02-03,2046.0
2005-02-03,3029.19
2005-02-03,1668.25
2005-02-03,2443.29
2005-02-03,3867.08
2005-02-03,6353.27
2005-02-03,3420.0
2005-02-03,3619.44
2005-02-03,4701.88
2005-02-03,733.11
2005-02-03,3224.2
2005-02-03,5208.72
2005-02-03,10039.6
2005-02-08,3987.2
2005-02-09,7264.53
2005-02-09,2100.56
2005-02-09,4352.76
2005-02-09,1627.92
2005-02-09,5182.0
2005-02-09,5895.05
2005-02-10,4609.64
2005-02-10,5127.2
2005-02-10,4894.17
2005-02-10,1757.91
2005-02-10,3970.56
2005-02-10,2464.0
2005-02-10,1331.1
2005-02-10,4149.07
2005-02-10,3298.4
2005-02-10,5399.55
2005-02-10,1910.84
2005-02-10,2266.56
2005-02-10,3289.86
2005-02-10,1449.76
2005-02-10,5856.85
2005-02-16,1350.0
2005-02-16,3376.64
2005-02-16,4086.29
2005-02-16,3478.64
2005-02-16,2257.92
2005-02-16,4931.6
2005-02-16,1845.45
2005-02-16,990.78
2005-02-16,3441.82
2005-02-16,1596.76
2005-02-16,4536.0
2005-02-16,2515.32
2005-02-16,3953.18
2005-02-17,6231.54
2005-02-17,8935.5
2005-02-17,8254.8
2005-02-17,4071.85
2005-02-17,4319.76
2005-02-17,1864.56
2005-02-17,3823.64
2005-02-17,7827.3
2005-02-17,2708.42
2005-02-17,2952.0
2005-02-17,4890.6
2005-02-17,4288.2
2005-02-17,2723.2
2005-02-17,6799.68
2005-02-17,4592.61
2005-02-17,1701.7
2005-02-17,1320.75
2005-02-17,2200.0
2005-02-17,2654.4
2005-02-17,2130.56
2005-02-17,4704.0
2005-02-17,3241.9
2005-02-22,6089.6
2005-02-22,1476.48
2005-02-22,3087.05
2005-02-22,3843.99
2005-02-22,2282.28
2005-02-22,3340.48
2005-02-22,1587.08
2005-02-22,1640.24
2005-02-22,5340.9
2005-02-22,6869.05
2005-02-22,1701.76
2005-02-22,2018.72
2005-02-22,1972.11
2005-02-23,4208.41
2005-02-23,2255.12
2005-02-23,6397.44
2005-02-23,4846.7
2005-02-28,3164.98
2005-02-28,1933.5
2005-03-01,5017.57
2005-03-01,2487.04
2005-03-01,3006.12
2005-03-01,3441.37
2005-03-01,4357.5
2005-03-01,3102.08
2005-03-01,1364.25
2005-03-01,1266.1
2005-03-01,5417.57
2005-03-01,3018.88
2005-03-01,2231.6
2005-03-01,2182.44
2005-03-01,4143.6
2005-03-01,1570.17
2005-03-01,1376.43
2005-03-01,3167.0
2005-03-01,2864.4
2005-03-01,3801.6
2005-03-02,4175.6
2005-03-03,3211.38
2005-03-03,6981.0
2005-03-03,5243.79
2005-03-03,3207.12
2005-03-03,3918.95
2005-03-03,3881.78
2005-03-03,5951.44
2005-03-03,2225.5
2005-03-03,7154.5
2005-03-03,4597.65
2005-03-03,1809.5
2005-03-03,2575.04
2005-03-03,1822.17
2005-03-03,10066.6
2005-03-03,3988.6
2005-03-03,2529.36
2005-03-04,7397.0
2005-03-04,5079.96
2005-03-04,2030.86
2005-03-04,3068.69
2005-03-04,5491.6
2005-03-04,3375.72
2005-03-04,1463.7
2005-03-04,2204.1
2005-03-04,4894.73
2005-03-04,6763.05
2005-03-04,6862.94
2005-03-04,2430.64
2005-03-04,2279.55
2005-03-04,2472.6
2005-03-04,3491.18
2005-03-04,1826.96
2005-03-09,8344.71
2005-03-09,1735.3
2005-03-09,2416.56
2005-03-09,1448.0
2005-03-09,2467.9
2005-03-09,2464.8
2005-03-09,4042.08
2005-03-09,1694.0
2005-03-09,4998.0
2005-03-09,5548.9
2005-03-10,2218.52
2005-03-10,4035.96
2005-03-10,2520.68
2005-03-15,2259.72
2005-03-15,1558.99
2005-03-15,3353.02
2005-03-15,6376.58
2005-03-15,5207.75
2005-03-15,1789.4
2005-03-15,1808.4
2005-03-17,2280.96
2005-03-17,8977.05
2005-03-17,3370.56
2005-03-17,5692.96
2005-03-23,4739.4
2005-03-23,5720.75
2005-03-23,5273.73
2005-03-23,2246.4
2005-03-23,2600.13
2005-03-23,2154.0
2005-03-23,3351.09
2005-03-23,6109.29
2005-03-28,3789.72
2005-03-28,5192.64
2005-03-28,2577.6
2005-03-28,2116.16
2005-03-28,1463.0
2005-03-30,4811.85
2005-03-30,2810.83
2005-03-30,3144.96
2005-03-30,2613.92
2005-03-30,4121.43
2005-03-30,4215.09
2005-03-30,1483.02
2005-03-30,1908.72
2005-03-30,3521.25
2005-03-30,2023.28
2005-03-30,1796.34
2005-03-30,1611.4
2005-03-30,2436.78
2005-03-30,2797.84
2005-03-30,1902.4
2005-03-30,3910.32
2005-03-30,5552.16
2005-03-30,1367.48
2005-04-01,2173.6
2005-04-01,9661.44
2005-04-01,1122.4
2005-04-01,6433.82
2005-04-01,7307.42
2005-04-01,2245.2
2005-04-01,1479.84
2005-04-01,3064.32
2005-04-01,4038.8
2005-04-03,7543.75
2005-04-03,7084.0
2005-04-03,3193.26
2005-04-03,3659.02
2005-04-03,1135.31
2005-04-03,2031.4
2005-04-03,2018.31
2005-04-03,4219.28
2005-04-03,1979.6
2005-04-03,3843.2
2005-04-03,4992.61
2005-04-03,4819.26
2005-04-07,5833.8
2005-04-07,5168.4
2005-04-07,3064.6
2005-04-08,2150.55
2005-04-08,2434.56
2005-04-08,5189.4
2005-04-08,1879.92
2005-04-08,2118.54
2005-04-08,1206.9
2005-04-08,5287.7
2005-04-08,11886.6
2005-04-08,8648.64
2005-04-14,2094.32
2005-04-14,11739.7
2005-04-14,4509.12
2005-04-14,8289.05
2005-04-14,9048.16
2005-04-15,7169.28
2005-04-15,8374.69
2005-04-15,10468.9
2005-04-22,5820.35
2005-04-22,4421.34
2005-04-22,7048.14
2005-04-22,2576.0
2005-04-22,3729.39
2005-04-22,14082.8
2005-04-22,541.14
2005-04-22,3051.3
2005-04-22,6386.16
2005-04-22,1057.29
2005-04-22,7182.0
2005-04-22,553.95
2005-04-22,1987.18
2005-04-23,1801.94
2005-04-23,785.64
2005-05-01,3213.0
2005-05-01,6232.0
2005-05-01,5235.72
2005-05-01,2095.45
2005-05-01,4140.23
2005-05-01,1867.32
2005-05-01,3576.8
2005-05-01,4427.73
2005-05-01,2904.72
2005-05-03,6712.93
2005-05-03,925.3
2005-05-03,11887.8
2005-05-03,1104.6
2005-05-03,5951.34
2005-05-03,3460.86
2005-05-03,8498.0
2005-05-03,2913.53
2005-05-03,4253.2
2005-05-03,5498.08
2005-05-03,1082.1
2005-05-05,8236.75
2005-05-05,1193.04
2005-05-05,3256.35
2005-05-05,3387.78
2005-05-05,8677.8
2005-05-05,6896.75
2005-05-06,2439.99
2005-05-06,2764.88
2005-05-06,3891.81
2005-05-06,3079.44
2005-05-06,4872.03
2005-05-06,2639.58
2005-05-06,3335.23
2005-05-06,3533.62
2005-05-06,1207.68
2005-05-06,3255.12
2005-05-06,2352.59
2005-05-06,3029.04
2005-05-06,6107.4
2005-05-06,5808.48
2005-05-09,1424.22
2005-05-09,1254.6
2005-05-09,3070.4
2005-05-09,6209.25
2005-05-09,2419.62
2005-05-10,5642.83
2005-05-10,4764.6
2005-05-10,4165.61
2005-05-10,1591.72
2005-05-10,1921.41
2005-05-10,3581.76
2005-05-10,2100.82
2005-05-10,2674.17
2005-05-10,2457.18
2005-05-10,1482.6
2005-05-10,2803.2
2005-05-10,2620.8
2005-05-10,1351.08
2005-05-10,4352.16
2005-05-13,7516.08
2005-05-13,2202.48
2005-05-13,5887.35
2005-05-13,3550.05
2005-05-13,9218.16
2005-05-13,3447.78
2005-05-17,3832.64
2005-05-17,640.05
2005-05-17,5926.9
2005-05-17,7695.6
2005-05-17,4464.24
2005-05-17,4594.76
2005-05-17,1961.28
2005-05-17,3273.27
2005-05-17,9240.0
2005-05-17,3065.78
2005-05-17,5202.94
2005-05-17,5589.14
2005-05-17,2896.3
2005-05-17,1092.2
2005-05-29,2078.28
2005-05-29,3880.2
2005-05-29,2617.16
2005-05-29,6134.7
2005-05-29,2233.69
2005-05-29,5283.6
2005-05-29,3385.9
2005-05-29,5296.5
2005-05-29,2288.52
2005-05-29,1828.0
2005-05-29,5433.75
2005-05-29,652.35
2005-05-29,3933.93
2005-05-29,4977.0
2005-05-29,1209.6
2005-05-30,2208.92
2005-05-30,1293.75
2005-05-30,881.4
2005-05-30,1781.22
2005-05-30,1665.32
2005-05-30,4873.05
2005-05-30,1875.09
2005-05-31,12001.0
2005-05-31,5510.54
2005-05-31,4325.16
2005-05-31,1556.62
2005-05-31,7182.0
2005-05-31,1030.44
2005-05-31,935.18
2005-05-31,3722.32
2005-05-31,5318.04
2005-05-31,7969.36
2005-05-31,482.13
2005-05-31,3553.88
2005-05-31,3793.16
2005-05-31,2575.1
2005-05-31,1895.94
2005-05-31,4692.6
2005-05-31,5894.94
2005-05-31,2702.04
2005-05-31,3777.58
